{
  "best_val_accuracy": 91.33188030160227,
  "test_accuracy": 91.22455789122456,
  "total_training_time_minutes": 29.100882585843404,
  "total_epochs_trained": 2,
  "model_parameters": 65106770,
  "target_achieved": true,
  "per_class_test_accuracy": {
    "call": 0.8971631205673759,
    "dislike": 0.9933450087565674,
    "fist": 0.9640028797696184,
    "four": 0.9106648199445984,
    "like": 0.9386945546339704,
    "mute": 0.9703243616287095,
    "ok": 0.9150303463048911,
    "one": 0.8278285312719607,
    "palm": 0.9389339922343806,
    "peace_inverted": 0.9178622668579627,
    "peace": 0.8325679971741434,
    "rock": 0.9075206908960057,
    "stop_inverted": 0.9206789054381711,
    "stop": 0.9524490525563103,
    "three": 0.7630264097073519,
    "three2": 0.8841726618705036,
    "two_up_inverted": 0.9716713881019831,
    "two_up": 0.9127652408218255
  }
}